source_id,predicate,target_id,relation_notes_key
N001,HAS_STYLE,N021,
N001,HAS_SUBDOMAIN,N002,
N001,INFLUENCES,NF10C195D,
N002,CONCERNS,N020,
N002,EXPOSES_API_TYPE,N013,
N002,HAS_LAYER,N003,
N002,HAS_LAYER,N004,
N003,USES_FRAMEWORK,N011,
N003,USES_LANGUAGE,N012,
N003,USES_TECH,N009,
N003,USES_TECH,N010,
N004,RELATES_TO,N003,
N004F7CB5,ENABLES,NF6F3DA77,
N006,CONCERNS,N008,
N006,USES_PARADIGM,N007,
N008,RELATES_TO,N006,
N008,RELATES_TO,N069,
N00E688D7,CONTRASTS_WITH,N76258D35,
N00E688D7,INFLUENCES,NC2477DA5,
N011,CONTRASTS_WITH,NADF28416,
N013,USES,N014,
N014,CONNECTS,N003,
N014,CONNECTS,N004,
N014,DRIVES,N015,
N014,ENABLES,N016,
N016,REQUIRES,N017,
N017,INFORMED_BY,N018,
N021,BUILDS_ON,N013,
N021,DEPENDS_ON,N022,
N021,DEPENDS_ON,N025,
N021,DEPLOYED_VIA,N022,
N021,DESIGNED_WITH,N1DCA0943,
N021,IMPLEMENTED_WITH,N1DCA0943,
N022,RELATES_TO,N024,
N022,RUNS,N023,
N023,BUNDLE,N024,
N024,BUILDS_ON,N025,
N024,ENABLES,N803AB796,
N024,ORCHESTRATED_BY,N025,
N024,RELATES_TO,N022,
N024,RELATES_TO,NFB0F4581,
N0247D0D9,IS_A,ND15FD4AD,
N025,ENABLES,N022,
N025,OBSERVED_BY,N026,
N026,ENABLES,N4ECF8A7A,
N026,SUPPORTS,N7A123A0C,
N026,USES_TOOL,N039,
N026,USES_TOOL,N040,
N027,HAS_TYPE,N028,
N027,HAS_TYPE,N030,
N027,HAS_TYPE,N033,
N028,USES_LANGUAGE,N029,
N0281B28F,USED_FOR,N7211AB17,
N02B3F05E,ENABLES,N51395763,
N030,USES,N032,
N030,USES_TOOL,N031,
N033,HAS_PART,N034,
N033,IMPLEMENTED_IN,N035,
N033,USES_TOOL,N036,
N033,USES_TOOL,N041,
N036,BUILDS_ON,N42A842EF,
N036,IMPLEMENTS,N42A842EF,
N036,USES_TECH,N026,
N036,USES_TECH,N037,
N037,OBSERVED_BY,N038,
N03B2AA13,DEPENDS_ON,N531190C4,
N041,USES_MODEL,N042,
N041,USES_TOOL,N044,
N042,REQUIRES,N043,
N042,USES_MODEL,N050,
N0423CDD8,BUILDS_ON,N4438795B,
N0423CDD8,BUILDS_ON,NF5D7F057,
N044,ENABLES,N2912C48A,
N044,ENABLES,NC0555567,
N044,HAS_COMPONENT,N04438C9A,
N044,HAS_COMPONENT,N7BF4C248,
N044,USES_PROTOCOL,N045,
N04438C9A,ENABLES,N9B2406A4,
N045,USES_PROTOCOL,N046,
N046,ENABLES,N047,
N047,HAS_SUBDOMAIN,N048,
N048,HAS_SUBDOMAIN,N049,
N048,USES_MODEL,N085,
N04875BA9,ENABLED_BY,N2D5F96AF,
N04B93B2F,CONTAINS,N1E83052D,
N04B93B2F,CONTAINS,N57CFB807,
N04B93B2F,CONTAINS,N5DF993D4,
N04B93B2F,CONTAINS,N6EA9BAB2,
N04B93B2F,CONTAINS,NC92CA508,
N04B93B2F,CONTAINS,NCB1B1CDB,
N04B93B2F,CONTAINS,NE593C637,
N04B93B2F,HAS_COMPONENT,NC5CC32B8,
N04B93B2F,INCLUDES,NC5CC32B8,
N04BECE6A,CONTRASTS_WITH,NC75448EE,
N04C008E2,AFFECTS,NED0E9439,
N051,HAS_SUBDOMAIN,N052,
N051,HAS_SUBDOMAIN,N053,
N051,HAS_SUBDOMAIN,N054,
N051,HAS_SUBDOMAIN,N055,
N051,HAS_SUBDOMAIN,N056,
N051,INSTANCE_OF,N053,
N051,USES_LANGUAGE,N057,
N052,ENABLES,N042,
N052,USES_MODEL,N050,
N056,BUILDS_ON,NF2073FF4,
N056,BUILDS_ON,NFE828A98,
N056,CONTRASTS_WITH,NBEDF747C,
N057,ENABLED_BY,N051,
N057,ENABLES,N060,
N057,IMPLEMENTS,N1E171A49,
N057,IMPLEMENTS,NA37F3C81,
N057,IMPLEMENTS,NF1E243E3,
N057,USES_LIB,N058,
N057,USES_LIB,N059,
N0580A477,REFLECTS,N3A103053,
N059CF91C,INSTANCE_OF,NCB2C5821,
N061,HAS_COMPONENT,N062,
N061,HAS_COMPONENT,N064,
N061,HAS_COMPONENT,N8396A299,
N061,HAS_SUBDOMAIN,N071,
N061,HAS_SUBDOMAIN,N078,
N061,USES_TECH,N070,
N061,USES_TECH,ND3377A2B,
N066,CONCERNS,N067,
N0667B066,ENABLES,NC455FCD1,
N06931F9F,BUILDS_ON,NB9A7000D,
N069401D8,USED_FOR,N99B0E05B,
N071,ENABLES,N072,
N071,USES_TECH,N074,
N072,ENABLES,N0771D886,
N072,HAS_COMPONENT,N086AFDD9,
N072,HAS_COMPONENT,N70EFC4A2,
N072,USES_TOOL,N073,
N074,USES_TECH,N075,
N075,USES_TECH,N076,
N0771D886,INSTANCE_OF,NF6C3E577,
N077427B8,SUPPORTS,N63FD724E,
N078,USES_TOOL,N079,
N079,HANDLES_DOMAIN,N080,
N079,INSTANCE_OF,N5D50D49D,
N080,USES_TECH,N081,
N080,USES_TECH,N082,
N080,USES_TECH,N083,
N084F77A1,DEPENDS_ON,NA549376E,
N085,HAS_TYPE,N087,
N085,USES_MODEL,N086,
N085B250F,CONTRASTS_WITH,NE86250FD,
N087,EXAMPLE,N088,
N087,USES_TECH,N075,
N08AD1C13,ENHANCES,N9DA2AF23,
N092FAD67,CONTRASTS_WITH,N6D723103,
N09D3C24B,PREPARES_FOR,N7A44461C,
N09FB19F5,DEPENDS_ON,ND973FB79,
N09FB19F5,INSTANCE_OF,ND973FB79,
N0A256D58,ENABLES,NE43948FB,
N0A5511D6,CONTRASTS_WITH,N2914E566,
N0A5511D6,RELATED_TO,N2914E566,
N0A830D0A,IS_A_TYPE_OF,NDD101CFA,
N0B14FE90,EXEMPLIFIES,NC05193F8,
N0B7C179F,INSTANCE_OF,N5D50D49D,
N0BC2FE04,USED_FOR,N20AE951B,
N0CAB8FBE,ENABLES,N8F4E726B,
N0CAB8FBE,USES,N3E8F7096,
N0D061965,CONTRASTS_WITH,N06070620,
N0D061965,DESIGNS_FOR,N303AB17E,
N0D320C9B,CONTAINS,N385C00FC,
N0D320C9B,CONTAINS,N39A28193,
N0D320C9B,CONTAINS,N4F0E3999,
N0D320C9B,CONTAINS,N70E2A395,
N0D320C9B,CONTAINS,N72907BFF,
N0D320C9B,CONTAINS,NCA4255BE,
N0E239B5B,CONTAINS,N41F2C085,
N0E239B5B,CONTAINS,NE45BB6D6,
N0EC255F0,INSTANCE_OF,NA739F164,
N0EC255F0,INSTANCE_OF,NAD3C47F9,
N0F19A122,MENTIONS,N344B3AD5,
N0F63395C,USED_FOR,NE17DB88C,
N0F66ED08,BUILDS_ON,N055,
N0F66ED08,HAS_COMPONENT,N055,
N0F66ED08,RELATES_TO,N055,
N1157357D,REQUIRES,NB88E8245,
N121BAF7A,USES,ND8602A95,
N129A108C,SUPPORTS,N021,
N13838824,ADDRESSES,NE64D4A7C,
N13838824,CONTAINS,NE64D4A7C,
N13B4E42F,ENHANCES,N4B2AB10C,
N13C2C887,IS_A,N15704CDD,
N13C2C887,IS_A,N499438F1,
N13C5C04D,HAS_COMPONENT,N76D97464,
N13E9786E,BUILDS_ON,N431A11A1,
N141C2451,PRODUCES,N59BB80E6,
N15086E6B,RELATES_TO,N70037C93,
N151723B7,ENABLES,NCB2C5821,
N151723B7,USED_FOR,NCB2C5821,
N168AC214,USED_FOR,N315C28EA,
N16FA20C8,ENABLES,N431A11A1,
N176F4528,GUIDES,N545594AC,
N188B98ED,HAS_COMPONENT,NC24D971D,
N188B98ED,HAS_FUNCTION,N4EBAE96A,
N188B98ED,HAS_FUNCTION,N60ECD0C3,
N188B98ED,HAS_FUNCTION,NF3E5BDA0,
N188B98ED,USES,NC693BA47,
N19125CEA,CONTRASTS_WITH,N08AE098A,
N197FD2C2,CONTRASTS_WITH,N8972390B,
N19AC7277,USED_FOR,NE17DB88C,
N1B0BE4C9,CAN_BE_FIXED_BY,NB063CB1D,
N1B0BE4C9,ENCOURAGES,N3E44961A,
N1B60EB8C,INSTANCE_OF,N13C5C04D,
N1B78E1B5,ENABLES,N5A11C57B,
N1B78E1B5,IS_A,N5A11C57B,
N1C0FF7A9,DRIVES,N3E44961A,
N1C375295,CONTRASTS_WITH,N051,
N1CF4EF7B,DESIGNED_FOR,NE6C6DC0C,
N1CF4EF7B,ENABLES,N3AC16B00,
N1CF4EF7B,ENABLES,NA14C1C4A,
N1CF4EF7B,ENABLES,NBA93473F,
N1CF4EF7B,HAS_COMPONENT,N524933F8,
N1CF4EF7B,HAS_COMPONENT,N56F4D98F,
N1CF4EF7B,INCLUDES,N8DFD2AD3,
N1CF4EF7B,INCLUDES,N9B905098,
N1CF4EF7B,PROVIDES,N299CF02C,
N1CF4EF7B,SUPPORTS,N904F68B3,
N1E14FA46,ENHANCES,N4FC70518,
N1E4474CC,CONTAINS,N76D97464,
N1EC30915,HAS_COMPONENT,N57A2B111,
N1EC30915,RELATES_TO,N001,
N1EC30915,RELATES_TO,N1E4CADC5,
N1ECA7EF9,INFORMS,N310E2CE2,
N20E36464,INSTANCE_OF,N421255B0,
N218394EF,IDENTIFIES,NBCA01620,
N218394EF,USED_FOR,N1D13CF52,
N218394EF,USED_FOR,N2112DEA6,
N218394EF,USED_FOR,N2DD807AC,
N218394EF,USED_FOR,N2ED7B358,
N218394EF,USED_FOR,N5CD47714,
N218394EF,USED_FOR,N6CBA6B2D,
N218394EF,USED_FOR,N6EB9F285,
N218394EF,USED_FOR,NA7E7ADE7,
N218394EF,USED_FOR,NB23E21B4,
N218394EF,USED_FOR,NBCA01620,
N218394EF,USED_FOR,NDA227F0E,
N218394EF,USED_FOR,NDDBC881F,
N218394EF,USED_FOR,NDE79D964,
N218394EF,USED_FOR,NE17DB88C,
N218394EF,USED_FOR,NE8B345FA,
N218394EF,USES,N2112DEA6,
N218394EF,USES,N2ED7B358,
N218394EF,USES,N5CD47714,
N218394EF,USES,NDA227F0E,
N218394EF,USES,NDE79D964,
N21A2682C,ENCOMPASSES,N326BB366,
N21D5F11F,CONTAINS,N6BDC5159,
N222BE3E1,DEPENDS_ON,N8B30D79F,
N222BE3E1,ENABLES,N2D616395,
N222BE3E1,USES,N8B30D79F,
N2286E380,ENABLED_BY,NFB0F4581,
N22C18EDC,INCREASED_BY,ND991A581,
N2311D80D,INSTANCE_OF,NDA8D4EB5,
N23668EF1,BUILDS_ON,N2AB270C8,
N23668EF1,CONTRASTS_WITH,NF6F3DA77,
N2371AF1E,IMPLEMENTS,N9BA7F69C,
N2462A8AB,LEADS_TO,N3E44961A,
N249075D6,DEMONSTRATES,N80597D51,
N24AB238F,GENERATES,NC2483587,
N25A39B8F,ENABLES,N8B408FBC,
N263E3F63,ENABLES,N40DFCF5C,
N263E3F63,HAS_COMPONENT,NF3D2A457,
N26E63DC3,ENABLES,N1B78E1B5,
N26E63DC3,IS_DEFINED_AS,N1E134DC1,
N26E63DC3,USES,N1E134DC1,
N277D5098,RESULTS_IN,ND991A581,
N28479DA9,INFORMS,N310E2CE2,
N28479DA9,USED_FOR,N310E2CE2,
N2912C48A,CONTAINS,N021,
N2914E566,CHALLENGES,NF3522A86,
N29E83350,DEPENDS_ON,N7E99DBAA,
N29E83350,HOSTS,N7E99DBAA,
N2B178B96,TRIGGERS,NC7C1A6EB,
N2B6BDC18,DEPENDS_ON,N0B3E2087,
N2C0B1262,AFFECTS,NE8D77D25,
N2D592863,DEFINES,NC33D1497,
N2D5F96AF,DEPENDS_ON,NFB359D6B,
N2D616395,COMBINES_WITH,N222BE3E1,
N2D616395,DEPENDS_ON,N870EE931,
N2D616395,IS_COMBINED_WITH,N222BE3E1,
N2E147E6E,SPEEDS_UP,N8F3F20DE,
N2ED7B358,CONTRASTS_WITH,N6CBA6B2D,
N2EE8ECA9,CONTAINS,N702FEA84,
N2EE8ECA9,CONTAINS,NF13C7861,
N2F62E17A,ENABLES,N43DC793B,
N2FC55D8E,EXEMPLIFIES,N3A8AE127,
N303AB17E,INSTANCE_OF,N077427B8,
N303AB17E,INSTANCE_OF,N0D061965,
N306DA974,CONTRASTS_WITH,N6D721C34,
N310E2CE2,REQUIRES,N09C19C3B,
N315C28EA,ENABLED_BY,N7A44461C,
N315C28EA,ENABLES,NFE828A98,
N315C28EA,INCLUDES,N07A2558D,
N315C28EA,INCLUDES,N7A117408,
N315C28EA,INCLUDES,N89D1BF79,
N315C28EA,INCLUDES,NE0C20963,
N3252860D,CONTRASTS_WITH,N421255B0,
N326BB366,INCLUDES,N81AB1ED1,
N326BB366,IS_A,N96D7B6F8,
N33FBCFA0,BUILDS_ON,N2ED7B358,
N33FBCFA0,BUILDS_ON,N6CBA6B2D,
N344B3AD5,ENABLES,NED2D9C7D,
N3567C0E5,APPLIES,N3A8AE127,
N3567C0E5,BUILDS_ON,N3A8AE127,
N35FE031C,SUPPORTS,N2371AF1E,
N36EB9DF1,DEPENDS_ON,N1C375295,
N36FD4023,BUILDS_ON,N1B988A94,
N36FD4023,CAN_BE_CREATED_IN,N1B988A94,
N36FD4023,ENABLED_BY,N1157357D,
N36FD4023,REQUIRES,N1157357D,
N36FD4023,REQUIRES,N13C2C887,
N36FD4023,REQUIRES,NBC324770,
N36FD4023,USES,N8F6B3002,
N37214463,BUILDS_ON,NBA4AEB5E,
N386C76B0,CONTRASTS_WITH,ND675716D,
N39BAB4D8,USED_FOR,ND9103C7D,
N39E5AD8C,USED_FOR,ND82BC9E1,
N3A103053,INFLUENCES,N558629E3,
N3A37589E,CONTRASTS_WITH,N842CC3A2,
N3A59AED5,GENERATES,NFAFB000A,
N3A59AED5,INTERACTS_WITH,N992523B4,
N3A8AE127,CONTRASTS_WITH,N64E3FEA7,
N3A8AE127,DEFINES,NF126316E,
N3B0B2530,SUPPORTS,N86F35F2F,
N3BBF82C5,FEATURES,N67107CD2,
N3BF0660E,INSTANCE_OF,N88946CC2,
N3CBC0687,ENABLED_BY,NC931A0A4,
N3CBC0687,ENABLES,N6BDC5159,
N3CBC0687,ENABLES,NF559DD9C,
N3CBC0687,HAS_COMPONENT,N052ED1A8,
N3D3B4A2E,INCLUDES,N4F8B203F,
N3D3B4A2E,INCLUDES,N59612B1B,
N3D3B4A2E,INCLUDES,N65B7BD61,
N3D3B4A2E,INCLUDES,N9602C417,
N3D3B4A2E,INCLUDES,NBF535888,
N3DB1006A,INFORMS,N310E2CE2,
N3E44961A,CONTRASTS_WITH,N631E6509,
N3EE79F5E,SUPPORTS,N4137B64F,
N3F770756,CONTRASTS_WITH,N606B72F7,
N3FF4C102,HAS_COMPONENT,N4E23E76C,
N40DFCF5C,CONTRASTS_WITH,N531190C4,
N410857EB,CONTAINS,N2AD5FC6E,
N410857EB,CONTAINS,N50AE2A63,
N410857EB,CONTAINS,N6EC702DC,
N410857EB,CONTAINS,NB729739D,
N410857EB,REQUIRES,N717CB032,
N4137B64F,BUILDS_ON,N4FC70518,
N4137B64F,DEPENDS_ON,N8DFD2AD3,
N4137B64F,USED_FOR,N545594AC,
N419551A0,CONTRASTS_WITH,N53AE88B1,
N41A6F95F,ENABLES,NBD9C7273,
N425E79F2,USED_FOR,N69DFAF3F,
N425E79F2,USED_FOR,N7D610432,
N425E79F2,USED_FOR,NAD693770,
N42AD9843,AFFECTS,N54EDC122,
N42AD9843,HAS_COMPONENT,N8A41972F,
N42AD9843,USES,N3E58AC5B,
N42AD9843,USES,N8A41972F,
N4315D5D0,CONTRASTS_WITH,NF6F3DA77,
N4315D5D0,ENCOURAGES,N004F7CB5,
N431A11A1,DEPENDS_ON,N4B6228C5,
N431A11A1,USES,N4EAA233E,
N4410D19F,ENABLES,NF6F3DA77,
N4438795B,SUPPORTS,N0423CDD8,
N44578D8E,BUILDS_ON,NC271B512,
N4492E96C,CONTRASTS_WITH,ND55F7BD5,
N44CA8FE8,HAS_COMPONENT,N92E25ABD,
N44D06FA6,HAS_COMPONENT,NF5FD00FD,
N44D06FA6,INFLUENCES,NB9B56408,
N44EBBF54,DEPENDS_ON,N60BDFD52,
N466DDC06,INFLUENCES,N2598FCA9,
N46A79A35,ENABLES,NDA8D4EB5,
N46AD623C,CONTRASTS_WITH,N46A79A35,
N47083F39,INSTANCE_OF,N7C15B1D0,
N47083F39,INSTANCE_OF,NA4EDFADC,
N479B1877,CONTAINS,N1877781E,
N47A2106C,CONTRASTS_WITH,NC7D435F3,
N47AE2F94,BUILDS_ON,N7C54E836,
N484B8219,MANAGES,NCB2C5821,
N48CFEF35,BUILDS_ON,N42A842EF,
N48CFEF35,HAS_COMPONENT,N084F77A1,
N48CFEF35,HAS_COMPONENT,NA549376E,
N48CFEF35,RELATES_TO,N42A842EF,
N49B2256E,UNDERMINES,NF3522A86,
N49D68BAF,ENABLED_BY,N95A8A92F,
N4A2061FE,CONTRASTS_WITH,N59BB80E6,
N4A99901B,ENCOURAGES,ND76607D5,
N4B0368B1,DEPENDS_ON,NAFEC108E,
N4B2AB10C,IMPROVES,N9DA2AF23,
N4B7CA615,CONTRASTS_WITH,NC24D971D,
N4B89B2FF,INFORMS,N310E2CE2,
N4C1D0B47,INSTANCE_OF,N8DC0FE4D,
N4C596BEC,CONTAINS,N2DDE991F,
N4C596BEC,CONTAINS,N5069A492,
N4C596BEC,CONTAINS,N8F3C1C21,
N4C596BEC,CONTAINS,NDF1A8C1D,
N4C7F0B9A,ENABLES,N2912C48A,
N4D5C3E7C,BUILDS_ON,N9018129A,
N4E1104B3,BUILDS_ON,N2ED7B358,
N4E23E76C,DEPENDS_ON,ND8BAE224,
N4E77FBF0,REMOVES,ND991A581,
N4ECF8A7A,BUILDS_ON,NAFEC108E,
N4EFC4085,INFORMS,N358B910F,
N4EFC4085,SUPPORTS,N7992C219,
N4F286BA3,ENABLES,NAFEC108E,
N4FC0DC40,FACILITATES,ND76607D5,
N4FC70518,ENABLES,N59A9A82B,
N50136D65,SUPPORTS,N49AC31B9,
N50E40E05,ENCOURAGES,NC7C1A6EB,
N5389FFE5,INFLUENCES,N675F5B43,
N53AE88B1,DEPENDS_ON,NC43CC7BE,
N53AFE7F0,INSTANCE_OF,N5D50D49D,
N5416357D,CONTAINS,N0FBF4B9A,
N541AFF8A,INCLUDES,N737AB625,
N541C8738,IS_A_CONCEPT_OF,N26E63DC3,
N541C8738,IS_A_FEATURE_OF,N26E63DC3,
N549D34CF,USES,ND8602A95,
N56374EC2,CONTRIBUTES_TO,NBBC80E10,
N56374EC2,USES,N93852EFE,
N5637AB6A,CONTRASTS_WITH,N36EB9DF1,
N5637AB6A,ENABLES,N2BB51F33,
N5637AB6A,ENABLES,NC271B512,
N570CAAB7,HAS_COMPONENT,N267FDBC3,
N5718F089,RELATES_TO,N042,
N5718F089,RELATES_TO,N24AC01CC,
N57A2B111,RELATES_TO,N1EC30915,
N57CB832E,REVOLUTIONIZES,N315C28EA,
N59134253,BUILDS_ON,N036,
N595D8E1D,IS_PART_OF,N3A8AE127,
N5A11C57B,BUILDS_ON,N1B78E1B5,
N5A11C57B,DEPENDS_ON,NCB689295,
N5AEA78EF,DEVELOPS,N3A8AE127,
N5D4314C3,GUIDES,NE8D77D25,
N5D4314C3,INFLUENCES,N2C0B1262,
N5D50D49D,HAS_COMPONENT,NA1CFFC1C,
N5D50D49D,HAS_COMPONENT,NDC67F6F2,
N5D990B49,INSTANCE_OF,N0A89733C,
N5EE54EE7,CONTRASTS_WITH,N13F354E3,
N5FB5E7BC,ENHANCES,N93852EFE,
N5FB5E7BC,IS_A_COMPONENT_OF,N3A8AE127,
N606B72F7,HELPS_MANAGE,N65964C22,
N606B72F7,REDUCES,N3F770756,
N60A49D64,USED_FOR,N315C28EA,
N60BDFD52,ENABLES,NC1EFAC6B,
N60D6A5E8,HAS_COMPONENT,ND5FA0425,
N60D6A5E8,HAS_COMPONENT,NDF87A776,
N60D6A5E8,HAS_COMPONENT,NE3B9E699,
N60D6A5E8,INCLUDES,N65C9B3DB,
N611CA643,ENABLES,N410857EB,
N631E6509,SUPPORTS,NB063CB1D,
N63FD724E,DESIGNS_FOR,N303AB17E,
N64795A3E,BUILDS_ON,N950B9FF8,
N64795A3E,BUILDS_ON,ND8ACC515,
N64795A3E,CONTRASTS_WITH,NADAE0438,
N64795A3E,ENABLED_BY,N052ED1A8,
N64795A3E,ENABLES,N052ED1A8,
N64795A3E,ENABLES,N8BD6B561,
N64795A3E,HAS_COMPONENT,NC33D1497,
N64795A3E,HAS_COMPONENT,ND8ACC515,
N64795A3E,INTEGRATES_WITH,N053,
N64795A3E,INTEGRATES_WITH,N89F93F46,
N64795A3E,USES,N21D5F11F,
N65426980,DEPENDS_ON,NC08316E1,
N658E7DC0,ENABLES,N79168975,
N65964C22,ENABLES,N65F0C5F4,
N65964C22,ENABLES,NBFFBCB44,
N65F0C5F4,ENHANCES,N9DA2AF23,
N67107CD2,USES,N8E427A4A,
N672BB1CB,DISCUSSES,NF10C195D,
N67556EDA,INCLUDES,N28479DA9,
N67556EDA,INCLUDES,N7CFC8B21,
N67556EDA,INCLUDES,N85FCC40C,
N67556EDA,REQUIRES,N28479DA9,
N67556EDA,REQUIRES,N7CFC8B21,
N67556EDA,REQUIRES,N85FCC40C,
N675F5B43,REQUIRES,N65F0C5F4,
N69032971,ENABLED_BY,N91784B77,
N69032971,HAS_COMPONENT,NEA641823,
N69032971,USES,NA27C2C60,
N6BB5E0D7,USED_FOR,N7307FEE2,
N6BB5E0D7,USED_FOR,N93E6185D,
N6BEE50B1,ENABLES,N23668EF1,
N6D1B1CF7,USED_FOR,NE13B0E04,
N6D723103,ENCOURAGES,NAB11A614,
N6D723103,OPPOSES,N7BF2A925,
N6D723103,OPPOSES,NAB11A614,
N6D723103,REQUIRES,NAB11A614,
N6D8976DC,DEPENDS_ON,N65C9B3DB,
N6D8976DC,USED_FOR,N39BAB4D8,
N6DDCAF16,ENABLED_BY,N4410D19F,
N6F46D2E4,CONTAINS,N8B408FBC,
N6FA8B8B3,ENABLES,N4137B64F,
N6FA8B8B3,HAS_COMPONENT,N676F1474,
N70924234,ENABLES,N077427B8,
N70E2A395,ENABLES,N7591933F,
N70EFC4A2,EXAMPLE_OF,NA4CCFE0F,
N71B50349,USED_FOR,N036,
N71E9C600,ENABLES,N021,
N71E9C600,INSTANCE_OF,N35843AF2,
N7223C2D6,CONTRIBUTES_TO,NF1EDC912,
N72FD6572,ENABLES,N97D861B3,
N72FD6572,REGULATES,N59BB80E6,
N734E18D0,BUILDS_ON,N9233DF89,
N737AB625,BUILDS_ON,N9427B7C0,
N7380AC93,ENABLES,N6D8976DC,
N764DC6BD,IS_COMPOSED_OF,NC2483587,
N769D618C,HAS_COMPONENT,N2B6BDC18,
N76D97464,BUILDS_ON,N051,
N77798872,BUILDS_ON,NAC55E125,
N78B5C76F,ENABLES,N3A37589E,
N78D4FE49,ENABLES,NBDA0BA39,
N78E5CE79,EXAMPLE_OF,N005,
N79168975,CONTRASTS_WITH,N392B5A56,
N79168975,CONTRASTS_WITH,NB6D138CD,
N79168975,DERIVES_FROM,NA39783E7,
N7A117408,RELATES_TO,N055,
N7A117408,USES,N055,
N7A44461C,REQUIRES,N7A117408,
N7B201D0A,EXEMPLIFIES,N851D75EC,
N7B201D0A,HAS_COMPONENT,N67029C7E,
N7B201D0A,REQUIRES,N98365844,
N7CFC8B21,INFORMS,N310E2CE2,
N7CFC8B21,USED_FOR,N310E2CE2,
N7DB9E0C2,DEPENDS_ON,N7E99DBAA,
N7E99DBAA,DEPENDS_ON,N8D3BCE4B,
N7E99DBAA,DEPENDS_ON,NC5F2027C,
N7E99DBAA,ENABLES,N13838824,
N7E99DBAA,ENABLES,N29E83350,
N7E99DBAA,ENABLES,N9B2406A4,
N7E99DBAA,HAS_COMPONENT,N13838824,
N7E99DBAA,HAS_COMPONENT,N14ABBC0B,
N7E99DBAA,HAS_COMPONENT,N2F3F6549,
N7E99DBAA,HAS_COMPONENT,N4438795B,
N7E99DBAA,HAS_COMPONENT,NA75AF352,
N7E99DBAA,HAS_COMPONENT,NF5D7F057,
N7E99DBAA,INTEGRATES_WITH,N9B2406A4,
N7FECC031,SUPPORTS,NFEF185F5,
N80B89C77,CONTRASTS_WITH,NC90E00C4,
N81345802,INFORMS,N310E2CE2,
N81345802,WORKS_WITH,N3DB1006A,
N8178740A,CONTRASTS_WITH,N7A888FD9,
N8205DC8C,USED_FOR,N8178740A,
N82581032,CONTRASTS_WITH,NE000FE25,
N82D73873,ARISES_FROM,N6DDCAF16,
N8342A342,LEADS_TO,NA92888C4,
N842CC3A2,BUILDS_ON,N4E23E76C,
N85C36E08,CONTRASTS_WITH,N0CAC97F7,
N85FCC40C,INFORMS,N310E2CE2,
N85FCC40C,USED_FOR,N310E2CE2,
N863428C3,CONTRASTS_WITH,N717CB032,
N87607370,HAS_COMPONENT,N2864D005,
N87EC1F9E,BUILDS_ON,N2F20D9D2,
N87EC1F9E,INSTANCE_OF,N44A101B7,
N8A41972F,IMPACTS,N42AD9843,
N8B408FBC,IMPACT_ON,N49AC31B9,
N8B970ED5,CONTRASTS_WITH,N98A46063,
N8B970ED5,RELATES_TO,N057,
N8BD95415,DEPENDS_ON,NE64ED4BA,
N8D3BCE4B,HAS_COMPONENT,N47083F39,
N8D3BCE4B,HAS_COMPONENT,NAAC27522,
N8D3BCE4B,HAS_COMPONENT,NE5AEBA34,
N8D973B49,INFORMS,N1E14FA46,
N8DC0FE4D,ENABLES,NC1EFAC6B,
N8ED54065,INCLUDES,N14E82E00,
N8ED54065,USES,N0FECC01B,
N9018129A,CONTAINS,N1DADB2A7,
N9018129A,HAS_COMPONENT,NC3CB6FA5,
N90AF86FE,BUILDS_ON,N02B3F05E,
N9192BA44,CONTRASTS_WITH,NDCCF845F,
N91A34921,ENABLES,NF52F4008,
N9233DF89,ENABLES,NDCCF845F,
N92B165ED,CHALLENGES,N6D723103,
N92E25ABD,ENABLED_BY,N2E147E6E,
N93E6185D,REQUIRES,N083,
N9427B7C0,HAS_COMPONENT,NDA25596E,
N9427B7C0,HAS_COMPONENT,NEE42BA1B,
N9427B7C0,INCLUDES,NEE42BA1B,
N953174F5,USED_FOR,N9BA7F69C,
N9699C7CD,IMPLEMENTS,N94FC4795,
N96C5E786,ENABLES,NF6F3DA77,
N96D7B6F8,IS_A,NBFE5C514,
N96D7B6F8,USES,NF7860C1F,
N96F35D96,SUPPORTS,NBD9C7273,
N984047C4,USED_FOR,N222BE3E1,
N992523B4,PROVIDES,NDE2D1767,
N9A08C727,CONTAINS,N7211AB17,
N9A45C66E,COMBINES_WITH,N4F067F22,
N9A45C66E,COMBINES_WITH,NBE6E7793,
N9A9796A0,INFLUENCES,NF6F3DA77,
N9BA7F69C,CONTRASTS_WITH,NE000FE25,
N9BA7F69C,ENABLES,N43FED206,
N9BA7F69C,USED_FOR,N80F91943,
N9BA7F69C,USED_FOR,NE000FE25,
N9DA2AF23,SUPPORTS,N59A9A82B,
N9DE1F10D,HAS_COMPONENT,NC237D6CF,
N9E2C0A7E,LEADS_TO,N2C068B89,
N9EFE0C4F,IS_A,ND15FD4AD,
N9FBC81D9,ENHANCES,NE9747440,
N9FF391C3,ENABLES,N88946CC2,
NA0614987,ENABLES,N4ECF8A7A,
NA0A44B66,ENABLES,N4137B64F,
NA1E48922,BUILDS_ON,NDA8D4EB5,
NA1E48922,ENABLES,NDFAC6515,
NA20BC744,USED_FOR,N23FC9094,
NA2AFE836,FOUNDED,NDD2DC24B,
NA2E992E1,ENABLES,N021,
NA2E992E1,HAS_COMPONENT,N021,
NA2E992E1,ROUTES_TO,NC9573C88,
NA2E992E1,ROUTES_TO,NCB2C5821,
NA34E58AB,USES,N80597D51,
NA39783E7,BUILDS_ON,N79168975,
NA39783E7,DEFINES,N392B5A56,
NA39783E7,DEFINES,NB6D138CD,
NA39783E7,INTRODUCES,N2FE2B1D5,
NA3AFDFB2,RELATES_TO,NFE9D0CF4,
NA3AFDFB2,USED_FOR,N8B970ED5,
NA3F083B3,APPLIES_TO,N8E427A4A,
NA3F083B3,MEMBER_OF,N67107CD2,
NA3F083B3,WROTE,N3BBF82C5,
NA3F5A9D3,DEPENDS_ON,N022,
NA3F5A9D3,DEPENDS_ON,N025,
NA549376E,PART_OF,N48CFEF35,
NA549376E,USES,NCDCB94AC,
NA57006AB,IMPROVES,NBFE5C514,
NA733C2FA,ENCOURAGES,N50136D65,
NA737CD97,ENABLES,NB9A7000D,
NA9077794,RELATED_TO,N564D4BAD,
NA960CF8F,CONTAINS,N60D9E500,
NAAD861FC,CONTAINS,N80F91943,
NAAD861FC,HAS_COMPONENT,NC6429C45,
NAAFFA70F,CONTRASTS_WITH,N65E284FF,
NAAFFA70F,HAS_EXAMPLE,NBFE5C514,
NAAFFA70F,INCLUDES,NB1470AEE,
NAAFFA70F,INSTANCE_OF,N7B9016F5,
NAAFFA70F,USES,NA57006AB,
NAB11A614,ENABLES,N7BF2A925,
NAB11A614,FACILITATES,NC5DF46BA,
NAB11A614,INCLUDES,NBFFBCB44,
NAB11A614,PROMOTES,NC5DF46BA,
NAB11A614,REQUIRES,NC5DF46BA,
NAB11A614,SUPPORTS,N2DB98A1C,
NAB4054AC,HAS_COMPONENT,NF59FBF53,
NABB5E066,HAS_COMPONENT,N11AADE47,
NABB5E066,HAS_COMPONENT,NDF5BD829,
NABB5E066,HAS_COMPONENT,NF9106E2E,
NABE6BAF2,CONTAINS,NF5761DE5,
NABE6BAF2,ENABLES,N3C18E845,
NABE6BAF2,HAS_WEATHER,N048C72C2,
NAC55E125,HAS_COMPONENT,N04875BA9,
NAC82730A,APPLIES_FOR,N737A8760,
NACC5FBD1,BUILDS_ON,NDA8D4EB5,
NAD162010,CONTRASTS_WITH,NFEA664D6,
NAD286B48,ENABLES,NC1917450,
NADB3E2B7,ENABLES,NAFEC108E,
NADFFA6BA,IS_A,NABE6BAF2,
NAFB73D55,ILLUSTRATES,NC05193F8,
NAFEC108E,BUILDS_ON,N036,
NAFEC108E,HAS_COMPONENT,N08AE098A,
NB004B0EC,DEPENDS_ON,NCB2C5821,
NB004B0EC,IS_A_TYPE_OF,NCB00FF8B,
NB011D9FA,IS_A_TYPE_OF,N055,
NB07EB9E3,INSTANCE_OF,NDA8D4EB5,
NB07EB9E3,IS_A,NDA8D4EB5,
NB1233A47,INFORMS,N310E2CE2,
NB19658BF,USED_FOR,N097CAC19,
NB1DAEFBA,BUILDS_ON,NF6F3DA77,
NB2031F33,CONSUMED_AT,N87607370,
NB221FEFC,DEPENDS_ON,ND54C8233,
NB221FEFC,RELATES_TO,N048,
NB23E21B4,USES,NDDBC881F,
NB24C3631,ENABLED_BY,NC90E00C4,
NB2C38DF4,ENABLES,N1C375295,
NB483EDFC,INSTANCE_OF,N4E23E76C,
NB4BB93FA,INFLUENCES,N123B156B,
NB4BB93FA,LEADS_TO,ND73B3FEF,
NB4BB93FA,SHARES_COMMON_CURRENCY_WITH,N123B156B,
NB5C43346,ADOPTS,NB9A7000D,
NB5C43346,AIMS_TO_REDUCE,NE000FE25,
NB5C43346,BUILDS_ON,N011,
NB5C43346,BUILDS_ON,NADF28416,
NB5C43346,BUILDS_ON,NB84E1CB0,
NB5C43346,BUILDS_ON,NED9C7E37,
NB5C43346,CONTAINS,NAAD861FC,
NB5C43346,CONTRASTS_WITH,NE000FE25,
NB5C43346,DEPENDS_ON,N8D3BCE4B,
NB5C43346,DEPENDS_ON,NA737CD97,
NB5C43346,DEPENDS_ON,NC08316E1,
NB5C43346,DEPENDS_ON,ND23D54C5,
NB5C43346,ENABLES,NB3EA84FF,
NB5C43346,ENABLES,ND23D54C5,
NB5C43346,HAS_COMPONENT,N497E2E7C,
NB5C43346,HAS_COMPONENT,N560736BA,
NB5C43346,HAS_COMPONENT,N80F91943,
NB5C43346,HAS_COMPONENT,NAAD861FC,
NB5C43346,HAS_COMPONENT,NC6429C45,
NB5C43346,HAS_COMPONENT,ND3CB0CBD,
NB5C43346,HAS_COMPONENT,NF59459DC,
NB5C43346,IMPLEMENTS,N9FBC81D9,
NB5C43346,IMPLEMENTS,NB3EA84FF,
NB5C43346,IMPLEMENTS,NB9A7000D,
NB5C43346,INCLUDES,N560736BA,
NB5C43346,INCLUDES,N90570CE6,
NB5C43346,REQUIRES,N5ECF7934,
NB5C43346,REQUIRES,NBB3DBA83,
NB5C43346,USED_FOR,NE000FE25,
NB5C43346,USES,NC08316E1,
NB60EDCC3,CONTRASTS_WITH,NEB28716E,
NB84E1CB0,BUILDS_ON,N2371AF1E,
NB84E1CB0,DEPENDS_ON,N35FE031C,
NB84E1CB0,USED_FOR,ND23D54C5,
NB959F591,RELATES_TO,N8B970ED5,
NB959F591,USES,N8B970ED5,
NB96CC487,ILLUSTRATES,N3A103053,
NB993F250,USED_FOR,N051,
NB9A7000D,ENABLES,NB3EA84FF,
NBAD12C99,REQUIRES,N65C9B3DB,
NBC324770,HAS_COMPONENT,N15704CDD,
NBC324770,HAS_COMPONENT,N499438F1,
NBC437B72,INFLUENCES,N6D723103,
NBC9674D7,WRITES,N672BB1CB,
NBC9674D7,WRITTEN_BY,N672BB1CB,
NBCB661A4,DETERMINES,N6E55E123,
NBCB661A4,HAS_STATE,N76905E96,
NBCB661A4,HAS_STATE,NB813602E,
NBCF9E780,ATTEMPTS_TO_CATCH,N8BF6165D,
NBCF9E780,EXPERIENCES,N71303C41,
NBCF9E780,LOCATED_IN,NABE6BAF2,
NBCF9E780,OBSERVES,NF0D52FA9,
NBD0C473A,INFLUENCES,N13B4E42F,
NBD40CECE,ENABLED_BY,N13E9786E,
NBD86E1F7,CONTEXTUALIZES,N4FC0DC40,
NBD9C7273,EXPRESSES,NF5B76B73,
NBDA0BA39,CONNECTS_TO,N7211AB17,
NBEDF747C,CONTRASTS_WITH,N056,
NBEDF747C,CONTRASTS_WITH,NFE828A98,
NBF0C608E,ENABLES,N7211AB17,
NBF35DAC9,BUILDS_ON,NF52F4008,
NBFE5C514,IS_A_PART_OF,N96D7B6F8,
NBFF9B4A7,ENABLED_BY,NED0E9439,
NBFFBCB44,ENABLES,N7B4D2D15,
NBFFBCB44,SUPPORTS,N82581032,
NC05193F8,LEADS_TO,NF46C0826,
NC08316E1,BUILDS_ON,N011,
NC08316E1,ENABLES,N65426980,
NC08316E1,HAS_COMPONENT,N23FC9094,
NC08316E1,HAS_COMPONENT,N2EAFCA32,
NC08316E1,HAS_COMPONENT,NA20BC744,
NC08316E1,HAS_COMPONENT,NA2E992E1,
NC08316E1,HAS_COMPONENT,NB5996B94,
NC08316E1,HAS_COMPONENT,NC9573C88,
NC08316E1,INCLUDES,NCDB16ADC,
NC1917450,CREATES,NAD286B48,
NC22B72E7,IS_PART_OF,N3CBC0687,
NC237D6CF,CONTRASTS_WITH,NDD30A3B1,
NC2477DA5,CONTRASTS_WITH,N536E2466,
NC2483587,IS_AFFECTED_BY,N0CDEA82F,
NC24D971D,HAS_METHOD,N40C4B9A6,
NC24D971D,IMPLEMENTS,NA325E4FD,
NC2AD7D1E,HAS_COMPONENT,N0C43A635,
NC2AD7D1E,HAS_COMPONENT,N9238490D,
NC2AD7D1E,HAS_COMPONENT,NAE5E28FD,
NC2AD7D1E,INSTANCE_OF,N051,
NC2AD7D1E,USES,N0EC255F0,
NC2AD7D1E,USES,N222BE3E1,
NC2AD7D1E,USES,N2D616395,
NC33D1497,DEPENDS_ON,N6BDC5159,
NC36383DC,CONTAINS,N44578D8E,
NC36383DC,HAS_COMPONENT,N2BB51F33,
NC3AD2F5A,ENABLES,N570CAAB7,
NC41FF752,CONTRASTS_WITH,N021,
NC43CC7BE,ENABLES,N51185526,
NC4C245C2,INCLUDES,N0E239B5B,
NC4C245C2,INCLUDES,NEF42918C,
NC5DF46BA,ENCOURAGES,N7BF2A925,
NC6429C45,CONTAINS,N1C6199B7,
NC6429C45,HAS_COMPONENT,ND3CB0CBD,
NC6E08498,ENABLES,N0F66ED08,
NC73A8AB5,CONTAINS,N4137B64F,
NC75448EE,USED_FOR,N33FBCFA0,
NC75B564D,RELATES_TO,N006,
NC76D1B0C,DEPENDS_ON,ND54C8233,
NC834B612,INSTANCE_OF,N64795A3E,
NC90E00C4,RESPONDS_TO,NB303756B,
NC9573C88,ENABLES,N151723B7,
NC9573C88,ENABLES,NA2E992E1,
NC9573C88,HAS_COMPONENT,N484B8219,
NC97C3752,INSTANCE_OF,N5D50D49D,
NC9E926C8,CONTAINS,N8A406489,
NC9E926C8,ENABLES,NE1A1DCBE,
NCA14948C,DISSOLVES,NDCCF845F,
NCAA66E55,ENABLES,N14556BD0,
NCAA66E55,ENABLES,N20AE951B,
NCB2C5821,ENABLES,N151723B7,
NCB2C5821,USED_FOR,N151723B7,
NCB6101C0,ADDRESSES,N851D75EC,
NCC47DF2D,DRIVES,N82581032,
NCC5EAE58,CONTRASTS_WITH,NE64ED4BA,
NCC935824,CONTRASTS_WITH,N021,
NCCEBD9C8,CONTRASTS_WITH,N65F0C5F4,
NCDB16ADC,CONTAINS,NC08316E1,
NCDCB94AC,INSTANCE_OF,N036,
NCE0C17E3,CONTAINS,N1E83052D,
NCE0C17E3,CONTAINS,N57CFB807,
NCE0C17E3,CONTAINS,N5DF993D4,
NCE0C17E3,CONTAINS,NC92CA508,
NCE0C17E3,ENABLED_BY,NEC240EF5,
NCE0C17E3,HAS_COMPONENT,N04B93B2F,
NCE0C17E3,HAS_COMPONENT,N1E83052D,
NCE0C17E3,HAS_COMPONENT,N57CFB807,
NCE0C17E3,HAS_COMPONENT,N5DF993D4,
NCE0C17E3,HAS_COMPONENT,NC92CA508,
NCE0C17E3,HAS_COMPONENT,NDDBDA997,
NCE0C17E3,INCLUDES,N0667B066,
NCE0C17E3,INCLUDES,NFEDFC11D,
NCE5B45B0,CONTRASTS_WITH,N344B3AD5,
NCE5B45B0,SUPPORTS,NED2D9C7D,
ND146A94F,CONTRASTS_WITH,NE000FE25,
ND15FD4AD,CONTAINS,N4492E96C,
ND15FD4AD,CONTAINS,ND55F7BD5,
ND1C6F2CE,INSTANCE_OF,NDFE4EC9C,
ND23D54C5,ENABLES,N80F91943,
ND2E8A9C9,IS_A,N2311D80D,
ND3377A2B,REQUIRES,N066,
ND3377A2B,USES_TECH,N069,
ND426973C,ENABLES,N0F66ED08,
ND478A9D8,ENABLES,NA1E48922,
ND478A9D8,ENABLES,NACC5FBD1,
ND4A4EB2A,ENABLES,NA1E48922,
ND50F55E4,COUNTERS,N3E44961A,
ND54C8233,ENABLES,NC76D1B0C,
ND638E6E7,SUPPORTS,NF79D3B00,
ND675716D,ENABLED_BY,N5416357D,
ND69C6D7C,INFLUENCES,NED0E9439,
ND73431A3,EXHIBITS,N3C4C3FD3,
ND73431A3,IS,N3C4C3FD3,
ND73431A3,USES,N0A830D0A,
ND73B3FEF,CONTRIBUTES_TO,N1B0BE4C9,
ND73B3FEF,CREATES,N1B0BE4C9,
ND76607D5,IDENTIFIES,N9E2C0A7E,
ND76E9E29,ADDRESSES,N9E2C0A7E,
ND82BC9E1,INCLUDES,N2598FCA9,
ND8602A95,GENERATES,N734F5FA5,
ND8602A95,GENERATES,NA5076E43,
ND8602A95,GENERATES,NDE629A0C,
ND8602A95,REQUIRES,NF564FD36,
ND874D90B,CONTRASTS_WITH,N036,
ND8ACC515,DEPENDS_ON,N036,
ND8ACC515,DEPENDS_ON,NC73A8AB5,
ND8ACC515,ENABLES,N1B2C9F1C,
ND8ACC515,ENABLES,N5CFA6136,
ND8ACC515,ENABLES,NB2A1EE91,
ND8ACC515,USES,N8DFD2AD3,
ND8BAE224,ENABLES,NFE083D3C,
ND9103C7D,BUILDS_ON,N60D6A5E8,
ND9103C7D,ENABLES,N505FBDA8,
ND991A581,ENABLED_BY,N3A103053,
ND991A581,ENABLES,N558629E3,
ND991A581,REMOVES,N4E77FBF0,
ND9A5FA87,DEPENDS_ON,NF6F3DA77,
NDA350DF2,ENABLES,N4137B64F,
NDBCB22C8,CONTRIBUTES_TO,NE000FE25,
NDBCB22C8,ENABLES,ND146A94F,
NDBDF51B7,HAS_COMPONENT,NFBBAA9FE,
NDC5423E9,BUILDS_ON,N055,
NDCCF845F,ENABLES,NF6F3DA77,
NDD2DC24B,ENABLES,NF3522A86,
NDD2DC24B,SERVES,NF3522A86,
NDD30A3B1,ENABLES,NC1EFAC6B,
NDD90C64E,REFLECTS,NDCCF845F,
NDDBDA997,CREATED_FROM,ND2CC868E,
NDDBDA997,DEPENDS_ON,ND2CC868E,
NDE629A0C,CALCULATES,NED4C8475,
NDE79D964,REQUIRES,NC842EDF0,
NDF428137,BUILDS_ON,N012,
NDF428137,BUILDS_ON,NFE9D0CF4,
NDF428137,USES,NBDA0BA39,
NDF5BD829,CONTRASTS_WITH,NABD8943C,
NDF5BD829,USES,NF9106E2E,
NDF7B394E,CREATES,N43D618E2,
NDFE4EC9C,CONTRASTS_WITH,N8451CA10,
NE000FE25,CONTRASTS_WITH,N65964C22,
NE000FE25,CONTRASTS_WITH,N9BA7F69C,
NE000FE25,USED_FOR,N9BA7F69C,
NE13B0E04,BUILDS_ON,NDC7BE684,
NE13B0E04,IMPLEMENTS,NC3AD2F5A,
NE17DB88C,SUPPORTS,NA7E7ADE7,
NE2C3AA90,CONTRASTS_WITH,N9699C7CD,
NE2C3AA90,IMPLEMENTS,N94FC4795,
NE2E776A1,CONTAINS,N2B6BDC18,
NE2E776A1,DESIGNS_FOR,N0D061965,
NE2E776A1,HAS_COMPONENT,NE82DF62B,
NE371F5B6,ENABLES,N3B3D4EA8,
NE43948FB,CONTRASTS_WITH,NE6C07994,
NE52E5275,DEPENDS_ON,NF73C153D,
NE52E5275,IMPROVES,NFC98A387,
NE53309A7,USES,N4F4481BB,
NE5B1F0C1,REQUIRES,N49D68BAF,
NE5EB155B,ENABLES,N5B6C4B42,
NE5EB155B,POWERED_BY,N5B6C4B42,
NE6C07994,HAS_COMPONENT,N0A256D58,
NE75AD39E,IMPROVES,N291067E5,
NE7E94828,FUNDED,NDD2DC24B,
NE7E94828,FUNDS,NDD2DC24B,
NE8B345FA,CONTRASTS_WITH,N2DD807AC,
NE8D77D25,HAS_COMPONENT,N53AE88B1,
NE9747440,ENHANCES,N560736BA,
NEA298681,DESCRIBES,NC4C245C2,
NEA641823,CONTRASTS_WITH,N129A108C,
NEB28716E,ENABLES,NDA8D4EB5,
NEBD83B04,BENEFITS_FROM,N606B72F7,
NECB4F1C7,ENABLES,N0F66ED08,
NED0E9439,DEPENDS_ON,N5C251C2F,
NED0E9439,ENABLED_BY,N50E9C616,
NED0E9439,HAS_COMPONENT,NDDBCF173,
NED4C8475,NORMALIZES,N0587306C,
NED9C7E37,BUILDS_ON,NFE9D0CF4,
NEE3A2B04,INSTANCE_OF,NDA8D4EB5,
NEFB8AE0A,IMPLEMENTS,N4137B64F,
NEFC7FC79,HAS_COMPONENT,N76D97464,
NF0536E61,USED_FOR,N7211AB17,
NF0C72C40,SUPPORTS,N717CB032,
NF0FBDDBB,INSTANCE_OF,N88946CC2,
NF11457C6,INCLUDES,N084F77A1,
NF11457C6,INCLUDES,NA549376E,
NF126316E,ENABLES,NC97DBC48,
NF126316E,IMPLEMENTS,NC97DBC48,
NF1409ED0,DEVELOPS,N6D723103,
NF1409ED0,ENCOURAGES,NAB11A614,
NF1EDC912,ENABLES,N8342A342,
NF2073FF4,CONTRASTS_WITH,NFE828A98,
NF2073FF4,INSTANCE_OF,N056,
NF2145BB2,DESCRIBES,N76D97464,
NF318621A,DEMONSTRATES,NBD9C7273,
NF5028413,INSTANCE_OF,N9233DF89,
NF52F4008,CONTAINS,N001,
NF59459DC,DEPENDS_ON,N5ECF7934,
NF59459DC,DEPENDS_ON,ND23D54C5,
NF5B76B73,BUILDS_ON,NBD9C7273,
NF5B76B73,CONTRASTS_WITH,NF5761DE5,
NF5B96C4F,BUILDS_ON,NFBBAA9FE,
NF5EA208E,USES,NE5EB155B,
NF5FD00FD,INFLUENCES,N44D06FA6,
NF5FD00FD,REPRESENTS,NB9B56408,
NF6F3DA77,BUILDS_ON,N4315D5D0,
NF6F3DA77,DEPENDS_ON,N08240D28,
NF6F3DA77,DEPENDS_ON,NCCEBD9C8,
NF6F3DA77,ENABLES,NDCCF845F,
NF6F3DA77,MANIFESTS_AS,NFEA664D6,
NF73C153D,REVEALS,N9E2C0A7E,
NF7860C1F,IS_A,N05999767,
NF7860C1F,IS_A,N303863E9,
NF7860C1F,IS_A,N3E3B27B2,
NF7860C1F,IS_A,N5D42772E,
NF83B17FC,CONTRASTS_WITH,NF6F3DA77,
NF86FD068,CONCERNS,NC6429C45,
NF9106E2E,USES,NDF5BD829,
NF93ABDFB,INSTANCE_OF,N5D50D49D,
NF93ABDFB,RELATES_TO,N079,
NFA0FFBC5,DEPENDS_ON,N044,
NFA733E7C,INFORMS,N310E2CE2,
NFA733E7C,SUPPORTS,N7CFC8B21,
NFA82F7AE,ENABLES,NE75AD39E,
NFA82F7AE,INTEGRATES_WITH,N036,
NFA82F7AE,INTEGRATES_WITH,N328572E7,
NFA82F7AE,INTEGRATES_WITH,NAFEC108E,
NFA82F7AE,USES,N225C9E44,
NFA82F7AE,USES,N2D3DC0D0,
NFA82F7AE,USES,N737A85FA,
NFAFB000A,CONTRIBUTES_TO,N6CA982B0,
NFAFB000A,NORMALIZES,N0587306C,
NFB0F4581,RELATES_TO,N057,
NFB359D6B,INSTANCE_OF,N6BE61E34,
NFBBAA9FE,ENABLES,N021,
NFE453A23,INSTANCE_OF,N5D50D49D,
NFE9D0CF4,CREATED_BY,N15E2F79F,
NFE9D0CF4,DEPENDS_ON,N15E2F79F,
NFE9D0CF4,ENABLES,N08FAC800,
NFE9D0CF4,ENABLES,N7F9EFFD8,
NFE9D0CF4,HAS_COMPONENT,N4C596BEC,
NFE9D0CF4,RELATES_TO,N002,
NFEA664D6,DEPENDS_ON,N7B4D2D15,
NFEA664D6,INSTANCE_OF,NF6F3DA77,
NFEF185F5,ENABLED_BY,N431A11A1,
NFF11CB8B,IMPLEMENTS,N055,
